#,,Access Business Risk,Access MailChimp Integration,Access Moneysoft Integration,Access Officeweb,Access Portfolio Model Menu,Access Portfolio Risk Menu,Access Social Media,Access Soft-Deleted Entities,Access Stale Accounts Report,Access to eApplications.,Add Clients to Campaign,Add Existing Clients As Partner Entities,Add Invoice Credit Note ,Add Portfolio Product List,Add/Maintain Private Products,Add/Remove Group Plan,Add/Remove Professional Adviser,Add/Remove Supplier,Administer All News Channels,Administer External Adviser ID's,Administer Groups,Administer Insurance Approved Product Lists (member groups only),Administer Insurance Approved Product Lists (system wide),Administer Officeweb,Administer Users,Allow Diary Template Access,Allow Document Note Template Access,Allow Email Template Access,Allow Script Tag in Interface Fields,Allow Task & Thread Template Access,Amend IOS Orders,Apply Bulk Changes to Documents,Approve / Decline Scenario Supervision,Astute Transactions,Attribution and Contribution Reporting,Authorise CPD events,Authorise Other eApplications,Authorise Panel Product,Authorise eApplications,Auto-create Task For Each Alert Occurrence,Auto-create Thread For Each Alert Occurrence,Automate Datafeeds,BT Advisory Services - Australian Equities,BT Advisory Services - Australian Managed Funds,Bulk Order Management for IOS+,CGT Links,Campaign,Capability for Eapps to produce editable pdf documents. ,Case Audit Sampler,Change Risk Profile,Client Focus,Client Group Membership,CommPay,CommPay - Access Uploads,CommPay - Access to Adviser Reconciliation Report,CommPay - Access to Estimate Searches,CommPay - Access to Lodgement,CommPay - Access to Lodgement with Estimates,CommPay - Access to Pending Transactions,CommPay - Access to Recipient Created Tax Invoice,CommPay - Access to Reports,CommPay - Access to Revenue Data (User Group Access),CommPay - Access to Revenue Data (User Only),CommPay - Access to Suspense,CommPay - Back Office (Administrator),CommPay - Back Office (Basic),CommPay - Client Mapping,CommPay - Client Mapping (Automated),CommPay - Client Unmap (Automated),CommPay - Edit Policy Ownership,CommPay - Edit Policy Referral,CommPay - Generate Payment Transfer,CommPay - Inactive Adviser Access,CommPay - Policy Mapping,CommPay - Transfer Payment,CommPay - View CommPay Payment Logs,CommPay - View CommPay Reports by Hierarchy,CommPay - View Unclaimed Suspense Records,Configure Corporate Action Setting,Configure System Datafeeds,Contingent IOS Orders,Create Clients,Create Complaints,Create Groups,Create IOS Orders,Create Service Benchmarks,Create Task from Non Template,Create Task from Template Only,Create Users,Create a New Wizard Scenario from Existing,Create/Edit Campaigns,Create/Edit Document,Create/Edit Document Category,Create/Edit Product Details,Datafeed Adviser Summary Report,Datafeed Audit Log Report,Datafeed Import Summary Report,Datafeed Platform Summary Report,Datafeed Reconciliation Summary Report,Datafeeds Advanced Options,Debt Qualifier,Debt Qualifier Additional Borrowing,Debt Qualifier Eligibility Service,Define Account Name Format,Delete Alert Rules,Delete Campaigns,Delete Client Entity,Delete Document,Delete Document Attachment,Delete Document Category,Delete Opt-In History,Delete Portfolio Cash & Accounts,Delete Service Benchmarks,Delete Service Packages,Delete Tasks,Delete User Entity,Delete User Group,Delete locked XTOOLS scenarios,Diary,Direct Debit Authority,Direct eApplications,Disable Import Datafeeds,Download Datafeed File,EDAI access,ENGAGE - Education Plan,ENGAGE - Investment Plan,ENGAGE - Planning at Retirement,ENGAGE - Planning for Retirement,ENGAGE - Risk FNA,ENGAGE - Savings Plan,Edit Access Levels,Edit Agreed Asset Allocation Table,Edit Alert Rules,Edit All Alert Rules,Edit All Reports in Portfolio Report Builder,Edit All Visible IOS Users,Edit All XTOOLS Scenarios,Edit Any Diary,Edit Any Thread,Edit Assumptions,Edit Client,Edit Client Access,Edit Client Type,Edit Corporate Actions,Edit DEFT Payment,Edit Datafeed Data,Edit Disclosure Fees to public,Edit Entity Campaign Cost,Edit Existing Invoice,Edit FUM Scales,Edit FUM Scales to Public,Edit Field Definitions,Edit Foreign Exchange Settings,Edit Group,Edit Group Plans Interface,Edit IOS Account Mapping,Edit Interface,Edit Invoice Item Costs ,Edit Invoice/Payment User,Edit Next Disclosure Statement Date,Edit Payment ,Edit Portfolio Account Lock Date,Edit Portfolio Cash & Accounts,Edit Portfolio Data,Edit Portfolio Model,Edit Portfolio Model Fees,Edit Portfolio Product Fees,Edit Portfolio Products,Edit Portfolio Properties,Edit Portfolio Settings,Edit Product Assumptions,Edit Product Research Fields,Edit Professional Adviser Access,Edit Referrer Access,Edit Security Type Names,Edit Sub Group Clients,Edit Sub Group Users,Edit TFN,Edit Task Subject,Edit Tasks,Edit Training and Competence Records,Edit User,Edit User CPD Activity,Edit/Maintain Target Set Category,Edit/Maintain all Target Set Categories including owner,Edit/Manage Template Disclosure Fees,Email,Email Client Data,Email List,Engage,Export Client Focus Data,Export Portfolio Data,Export XTOOLS Scenarios,Export/Import Alert Rules,File Email as Docnote ,Force Clients Online,General Insurance,Grant Capability,IRESS Risk Profiler,Ignore eApplication Fund maximum value,Ignore eApplication Fund minimum value,Ignore eApplication Insurance maximum value,Ignore eApplication Insurance minimum value,Ignore eApplication Mortgage maximum value,Ignore eApplication Mortgage minimum value,Implement Portfolio Proposal,Implement STP as Administrator,Implement STP as Paraplanner,Implement STP as Secondary Adviser,Import Bulk Data to Group Plans,Import Datafeeds,Import Simple Client Focus Data,Import XTOOLS Scenarios,Import/Export Field Definitions,Insurance Dashboard Tab,Insurance Quotations (Risk Researcher),Insurance Quotes Module (IQM),Insurance Research (Risk Researcher),Investor,Invoicing,Invoicing Lock Date Override,Knowledge Centre,Link Duplicate Clients,List All Groups,List Clients in All Groups,List Users in All Groups,List/View Clients,Live Market Data,Lock Client Document Notes,Lodge To Officeweb,Login,Login with Password,Login with SSO,Lonsec - Australian Equities,Lonsec - Australian Managed Fund Profiles,Lonsec - Australian Managed Funds,Lonsec iRate - Australian Research,Lonsec iRate - Australian Share Profile,Make Diary Public,Make Professional Adviser Public,Make Supplier Public,Manage Account Groups,Manage All Complaints,Manage All Conflict Disclosures,Manage All Saved Search Criteria,Manage All XMERGE templates/categories,Manage All email templates,Manage CFD Providers,Manage Case Benchmark,Manage Complaints Against Myself,Manage Complaints for clients in my group(s),Manage Compliance Breach Comments,Manage Custodial Entities,Manage Exception Handling,Manage Financial Services Guide,Manage Global Debt Approved Lenders,Manage Group Conflict Disclosures,Manage Group Hierarchy,Manage Group Licenses,Manage Legislative Updates,Manage News Channels,Manage Portfolio Groups,Manage Referrer,Manage Research Providers,Manage Schedules,Manage Service Package Templates,Manage Session,Manage XMERGE Templates,Manage XMERGE template Quick Merge for Site,Manage all Portfolio Target Sets,Manual Risk Recommendations,Map Datafeed Clients,Mercer - Australian Equities,Mercer - Australian IS Product,Mercer - Australian IS Research,Merge Client Data,Modify All Campaigners,Modify All Clients,Modify All Group Plans,Modify All Groups,Modify All Professional Advisers,Modify All Queued Jobs,Modify All Referrers,Modify All Suppliers,Modify All Users,Modify All Users' Tasks,Modify Anything to All Clients,Modify Anything to All Users,Modify Disclosure Fee Owner,Modify FUM Scale Owner,Modify Global Client Access Reports,Modify IQM Administrative Settings,Modify Other User's Datafeeds,Modify Own External Adviser ID's,Modify Own Password,Modify System Datafeed Field Definitions,Modify Task/Thread Template Owner,Morningstar - Australian Equities,Morningstar - Australian Profiles,Morningstar - Australian Qual,Morningstar - UK KIID Reports,Morningstar - UK Profiles,Override Compliance Breaches,Override From Email Address,Pension Analyser,Perform Case Questionnaire,Portfolio Report Builder,Portfolio Reports Configuration,Portfolio Target Sets,Print to Post,Publish Site Content,Purge Partner Entity,Reassign Administrators to Groups,Reassign Administrators to Users,Reassign Advisers to Clients,Reassign Diary,Reassign Tasks to other users,Reassign Threads,Refresh Datafeeds,Refund DEFT Payment,Refund Payment,Register Accounts with MLC,Registered Alerts Reporting,Release Case Lock,Release Debt Qualifier Scenario Lock,Release General Insurance Scenario Lock,Release Pension Analyser Scenario Lock,Release Retire & Invest Scenario Lock,Release Scenario Wizard Lock,Remove Any Case,Remove Any Threads,Remove DEFT Payment,Remove Entity from Campaign,Remove Existing Invoice,Remove IOS Orders,Remove Payment ,Remove Service Benchmark Set from Client,Remove User's Own Cases,Remove User's Own Threads,Remove group data,Report Action Manager,Report/Export Tasks,Retire & Invest,Risk Researcher Weighting Profiles,RpData,Run Corporate Actions,Save Task Views to My Groups,Savings,Search External Adviser ID's,Search all products,Search using Syntax,Select User Adviser Mapping for Astute,Set Alert to All and Specified Group,Set Campaign to Share with All,Set Diary Template to Public Edit/View,Set Diary Template to Shared with all,Set Document Category to Shared with All,Set Document to Client's Groups,Set Document to My Groups,Set Document to Private,Set Document to Share with All,Set Document to Specific Groups,Set Email Template to Share with All,Set Group Plan visibility to Public,Set Logout URL,Set Portfolio Override,Set Report Template Category Visible to All,Set Report Template File Viewable by All,Set Saved Search Criteria to Share with All,Set Service Benchmarks to Public,Set Target Set Category to Public,Set Task Template to Share with All,Set Thread Template to Public to All,Share Document Note with All Clients,Show Other User's Datafeeds,Submit eApplications,Submit to NextGen ApplyOnline,System Setting,TBI Research Services,Take Payment,Tasks,Transfer External Mappings on Mass,Transfer Portfolio Holdings,Undelete Soft-Deleted Entities,Unlock Client Document Notes,Unlock XTOOLS scenarios,Unmap Datafeed Clients,Update Professional Adviser Capabilities,Update TFN,Update Target Asset Allocation from Risk Profile,Update Threads from Template,Upload Templates to Merge on the Fly,Use Payment Gateway,User Group Membership,User Settings - Administer Manage Field Content,User Settings - Client Focus,User Settings - Diary,User Settings - Document Note,User Settings - Edit User Time Taken Data for Visible Users,User Settings - Email,User Settings - General,User Settings - Lending,User Settings - Manage Field Content,User Settings - Quick IPS Reports,User Settings - Reset Own Password,User Settings - Set Default Manage Field Content,User Settings - Set Managed Content to Share with All,User Settings - Set Managed Content to Share with Groups,User Settings - Set Sticky Note permission to Public,User Settings - Tasks,User Settings - User Time Taken,User Settings - View User Time Taken Data for Visible Users,User settings - Quick Search Options,View Alert Rules,View All Alert Rules,View All IOS Orders,View All Invoicing Products,View All Notes,View All Notes Except Private Notes,View All Products on Recommendation Screen,View All Professional Advisers,View All Suppliers,View All Users' Session History,View All Users' Task - Visible Clients Only,View All Users' Tasks,View Any Task/Thread Templates,View Assumptions,View CGT Analysis,View Case Fees Page,View Cases for visible Clients,View Cash Summary/Match,View Chat audit trail,View Corporate Actions,View Datafeed File,View Datafeeds,View Entity Deletion Log,View Foreign Exchange Setup,View IOS Account Mapping,View IOS Orders,View Legislative Updates,View Market Data,View Portfolio,View Portfolio (Live),View Portfolios By Groups,View Queued Jobs,View Recurring Transactions,View TFN,View Threads for Visible Clients,Waive Invoice Values,WealthSolver - Add Custom & Derived Plans,WealthSolver - Implement to Client Focus,WealthSolver - Implement to IPS,WealthSolver - Investment Platforms,WealthSolver - Manage Approved Products Lists,WealthSolver - Manage Approved Products Lists (GLOBAL),WealthSolver - Manage Automatic Plan Review (Group Administrator),WealthSolver - Manage Automatic Plan Review (Site Administrator),WealthSolver - Manage Model Portfolios (Group Administrator),WealthSolver - Manage Model Portfolios (Site Administrator),WealthSolver - Manage Model Portfolios (own account),WealthSolver - Super and Pension,WebIRESS,XPLANconnect,XTOOL - Aged Care,XTOOL - Allocated Pension,XTOOL - Alternative Risk Financing,XTOOL - Annuity Calculator,XTOOL - Asset Replacement,XTOOL - At Retirement,XTOOL - Cashflow,XTOOL - Cashflow,XTOOL - Cashflow (ROI),XTOOL - Corporate Super,XTOOL - Debt Consolidation,XTOOL - Debt Consolidation,XTOOL - Direct Property,XTOOL - Disposable Income,XTOOL - Education Funding,XTOOL - Education Funding,XTOOL - Estate Planning,XTOOL - First Home Saver,XTOOL - Income Support,XTOOL - Income Tax Calculator,XTOOL - Instalment Gearing,XTOOL - Insurance Analysis,XTOOL - Investment Illustrator,XTOOL - Life Expectancy,XTOOL - Lifestyle Goals,XTOOL - Lifestyle Goals,XTOOL - Lifestyle Planner International,XTOOL - Loan Illustrator,XTOOL - Loan Illustrator,XTOOL - Lump Sum vs Pension,XTOOL - Mortgage Affordability,XTOOL - Needs Analysis,XTOOL - Profiles,XTOOL - Retirement Funding,XTOOL - Retirement Funding,XTOOL - Retirement Funding,XTOOL - Retirement Funding Asia,XTOOL - Retirement Modelling,XTOOL - Retirement Planner,XTOOL - Retirement Planning,XTOOL - Risk FNA,XTOOL - Salary Packaging,XTOOL - Savings,XTOOL - Savings,XTOOL - Savings,XTOOL - Savings Goals,XTOOL - Super Projection,XTOOL - TTRAP,XTOOL - Tax on Super Lump Sum,XTOOL+ - Corporate Entity Modelling Tool,XTOOL+ - Lifestyle Modelling,XTOOL+ - Lifestyle Planner,XTOOLS Header/Footer,XTOOLS License,XTOOLS+ Entities,XTOOLS+ License,XTOOLS-Limit Override to Dealer Median,XTOOLS-Monte Carlo Simulation,XTOOLS-Override Assumption,Xero Admin,Xero Synchronisation,Xlite,Xmerge From Client List/Search Results,Xport Extraction Tool Administration,Xport Extraction Tool Execution,Zenith Partners - Australian Research,eApplications Product Administration
access_level_id,access_level_name,iqm+business_risk,mailchimp_integration,access_moneysoft,view_officeweb,view_portfolio_model,ips_risk,allow_social,view_deleted_entity,datafeed_stale_accounts_report,eapp_license,add_client_campaign,link_client_partner,add_creditnote,edit_portfolio_product_list,add_maintain_private_product,manage_group_plan,manage_profadviser_referral,manage_supplier,news_admin,adviser_mappings_admin,list_group,admin_insurance_apl,admin_system_insurance_apl,admin_officeweb,list_user,allow_diary_tpl_access,allow_doc_note_tpl_access,allow_email_tpl_access,allow_script_in_interface_fields,allow_task_thread_tpl_access,iosorder_edit,docnote_modify_all,approve_decline_supervision,astute_transaction,attribution_contribution,authorise_cpd_events,fundclick_authorise_other,authorise_panel_product,fundclick_authorise,compliance_task_creation,compliance_thread_creation,datafeed_automate,research_btas_equities,research_btas,iosorder_bulk,view_portfolio_cgt,campaign,eapps_editable_pdf,advice_container_audit_sampler,edit_risk_profile,client_focus,update_clients_to_adviser,commpay_access,commpay_upload,commpay_ar_report,commpay_estimate_searches,commpay_lodgement,commpay_estimates,commpay_pending_transaction,commpay_rcti_report,commpay_report,commpay_revenue_group,commpay_revenue_user,commpay_access_suspense,sysadmin_commpay,admin_commpay,commpay_client_mapping,bulk_client_mapping,bulk_client_unmapping,commpay_entity,change_commpay_referral,commpay_generate_payment_transfer,commpay_inactive_user_access,commpay_policy_mapping,commpay_transfer_payment,payment_log_commpay,hierarchy_commpay_report,view_unclaimed_suspense,corpact_config,system_datafeed_config,iosorder_contingent,create_client,create_complaint,create_group,iosorder_create,edit_service_benchmarks,create_tasks_from_non_template,create_tasks_from_template_only,create_user,allow_create_new_scenario,edit_campaign,edit_entity_note,docnote_edit_category,edit_invoicing_product,datafeed_report_adviser_summary,datafeed_report_audit_log,datafeed_report_adviser_import_times,datafeed_report_platform_summary,datafeed_report_reconciliation_summary,datafeed_advanced_options,debt_qualifier,dq_additional_borrowing,dq_eligibility_service,datafeed_define_account_name_format,delete_compliance,delete_campaign,delete_client,docnote_delete_doc,docnote_delete_docpart,docnote_delete_category,delete_opt_in_history,delete_portfolio_cash_subfund,delete_service_benchmarks,delete_workrequest,delete_tasks,delete_user,delete_group,delete_frozen_scenarios,allow_diary,invoicing_direct_debit,fundClick_direct,datafeed_disable_import,datafeed_file_download,allow_edai,engage_education_plan,engage_investment_plan,engage_retirement_planner_at,engage_retirement_planner_for,engage_risk_plan,engage_savings_plan,edit_level,edit_agreed_asset_alloc_table,edit_compliance,edit_all_compliance,all_report_builder,edit_all_visible_ios_users,xtools_edit_all,edit_all_diary,edit_thread,edit_assumptions,edit_client,edit_client_access,edit_client_type,corpact_edit,edit_deft_payment,edit_datafeed_portfolio,edit_platform_fees_public,edit_cost_campaign,edit_existing_invoice,edit_fum,edit_fum_public,edit_ufield,FX_edit,edit_group,edit_group_plan_interface,iosaccount_edit,edit_interface,edit_invoicing_item,edit_invoicing_user,edit_next_disclosure_statement_date,edit_invoicing_payment,edit_subfund_lockdate,edit_portfolio_cash_subfund,edit_portfolio,edit_portfolio_model,edit_portfolio_product_fees,edit_admin_portfolio_product_fees,edit_portfolio_product,edit_portfolio_properties,edit_portfolio_settings,edit_asset_assumptions,edit_product_research_fields,edit_profadviser_access,edit_referrer_access,edit_portfolio_sectors,edit_client_inherited,edit_user_inherited,edit_tfn,edit_task_subject,edit_tasks,edit_training_and_competency,edit_user,edit_user_cpd_activity,edit_maintain_targetset_category,edit_maintain_all_targetset_category,edit_platform_fees,allow_email,email_clientdata,email_list,engage,client_export,datafeed_export,xtools_export,export_import_compliance,file_email_as_docnote,force_clients_online,general_insurance,grant_capability,riskprofiler,fundclick_ignore_max_fund,fundclick_ignore_min_fund,fundclick_ignore_max_insurance,fundclick_ignore_min_insurance,fundclick_ignore_max_mortgage,fundclick_ignore_min_mortgage,implement_portfolio_model,stp_administrator,stp_paraplanner,stp_secondary,groupplan_import,datafeed_import,client_import,xtools_import,import_export_ufield,view_insurance_sales_dashboard_tab,iqm+,cannex,iqm+research,investor,use_invoice,invoice_lock_override,view_knowledge_centre,link_same_person,list_all_group,list_all_client,list_all_user,list_client,live_marketdata_access,docnote_lock_entity_note,lodge_officeweb,login,login_with_password,login_with_sso,research_lonsec_equities,research_lonsec_profiles,research_lonsec,research_vaneyk,research_vaneyk_equity,make_diary_public,make_profadviser_public,make_supplier_public,manage_account_groups,manage_all_complaints,manage_all_conflict_disclosures,manage_saved_criteria,manage_all_template,manage_all_email_templates,manage_cfd_providers,advice_container_benchmark,manage_complaints_myself,manage_complaints_mygroup,edit_compliance_breach_comments,manage_custodial_entities,invoicing_exception_handling,manage_fsg,manage_global_debt_APL,manage_group_conflict_disclosures,grouphier_admin,manage_license_allocation,edit_legislative_updates,news_manage,manage_portfolio_groups,manage_referral,manage_research_provider,manage_schedules,manage_workrequest_template,edit_session,manage_template,manage_global_quick_merge,manage_all_target_sets,iqm+_use_consider_manually,map_datafeed_clients,research_mercer_aus_equities,research_mercer,research_mercer_research,client_merge,modify_all_campaigners,modify_all,modify_all_group_plan,modify_all_group,modify_all_profadviser,edit_queued_jobs,modify_all_referrer,modify_all_supplier,modify_all_user,modify_tasks,modify_any_for_all,modify_any_for_all_user,edit_platform_fees_owner,edit_fum_owner,global_client_access_reports,cannex_admin,datafeed_modify_all,adviser_mappings_self,change_password,datafeed_ufield_mapping,modify_task_assigner,research_aspect,research_ms_profile,research_ms_qual,research_ms_kiid_uk,research_ms_profile_uk,override_compliance_breach,override_from_email_address,pension_analyser,perform_audit_questionnaire,report_builder,config_portfolio,modelling_by_target_sets,doc_print_to_post,push_site_content,purge_partner,reassign_group_admin,reassign_user_admin,reassign_adviser,reassign_diary,reassign_tasks,reassign_thread,datafeed_refresh,refund_deft_payment,payment_refund,mlc_connect,compliance,unlock_advicecontainer,release_dq_scenario_lock,release_gi_scenario_lock,release_pension_analyser_lock,release_ri_scenario_lock,unlock_wizard_scenario,remove_anyadvicecontainer,remove_threads,remove_deft_payment,remove_entity_campaign,remove_existing_invoice,iosorder_remove,delete_invoicing_payment,remove_service_benchmark_set,remove_myadvicecontainers,remove_mythreads,remove_groupitem,manage_actionman,report_all_task,retire_invest,iqm+weighting,rpdata,corpact_execute,share_task_views,savings,adviser_mappings_search,search_all_products,search_using_syntax,select_admin_mapping,set_alert_to_all_specific_group,set_campaign_share_all,set_diary_tpl_public,set_diary_tpl_share_all,set_doc_category_save_all,docnote_shareclientgroups,docnote_sharemygroups,docnote_shareprivate,docnote_shareall,docnote_sharespecgroups,set_email_tpl_share_all,make_group_plan_public,set_logout_url,set_portfolio_override,set_report_tpl_cate_share_all,set_report_share_all,set_criteria_save_all,set_service_benchmarks_to_public,set_target_set_category_to_public,set_task_tpl_share_all,set_thread_tpl_share_all,set_docnote_share_all_client,datafeed_show_all,fundclick_connect,eapp_nextgen,system_config,research_tbi,payment_take,allow_tasks,transfer_ext_accts_on_mass,transfer_portfolio_holdings,undelete_deleted_entity,docnote_unlock_entity_note,thaw_xtools_scenario,unmap_datafeed_clients,update_profadviser_capabilities,update_tfn,override_target_asset_allocation,update_threads,upload_template_merge_on_the_fly,use_payment_gateway,add_client_to_advisers_group,administer_manage_field_content,user_client_focus,user_diary,user_doc_note,edit_user_time_taken_data_for_visible_users,user_email,user_general,user_lending,manage_field_content,user_ips_quickreports,reset_password,set_default_manage_field_content,set_managed_content_share_with_all,set_managed_content_share_with_groups,set_sticky_note_to_public,user_tasks,user_time_taken,view_user_time_taken_data_for_visible_users,manage_quick_search,view_compliance,view_all_compliance,iosorder_viewall,invoicing_products,docnote_view_all,docnote_all_not_private,accreditation_view_all_products,view_all_profadvisers,view_all_suppliers,view_session,view_user_tasks_with_visible_clients_only,view_tasks,view_task_tpls,view_assumptions,view_cgt_analysis,view_case_fees_page,view_container_for_visible_entity,view_cash_screens,iresschat_audit_trail,corpact_view,datafeed_file_view,datafeed_view,view_entity_delete_log,FX_view,iosaccount_view,iosorder_view,view_legislative_updates,view_marketdata,view_portfolio,view_portfolio_live,view_portfolio_by_groups,view_queued_jobs,view_recurring_transactions,view_tfn,view_thread_for_visible_entity,waive_workrequest_invoice,manage_super_plan,super_solver_implement_client_focus,super_solver_implement_ips,view_investment_platforms,super_solver_administer_apl,super_solver_admin_apl_global,super_solver_manage_auto_group,super_solver_manage_auto_site,super_solver_manage_target_group,super_solver_manage_target,super_solver_manage_target_user,view_super_solver,webiress,xplan_connect,xtool_tool_aged_care,xtool_tool_allocated_pension,xtool_tool_alternative_financing_rsa,xtool_tool_annuity_calculator_gb,xtool_asset_replacement_rsa,xtool_tool_at_retirement_gb,xtool_tool_cashflow_gb,xtool_tool_cashflow_ca,xtool_tool_cashflow_roi,xtool_tool_corporate_super,xtool_tool_debt_consolidation,xtool_tool_debt_consolidation_rsa,xtool_tool_direct_property,xtool_tool_disposable_income_rsa,xtool_tool_education_funding,xtool_tool_education_funding_rsa,xtool_estate_planning_gb,xtool_tool_first_home_saver,xtool_tool_income_support,xtool_tool_income_tax_calculator,xtool_tool_instalment_gearing,xtool_tool_needs_analysis_sg,xtool_tool_profiles_rsa,xtool_tool_life_expectancy,xtool_tool_lifestyle_goals_gb,xtool_tool_lifestyle_goals,xtool_tool_lifestyle_planner_int,xtool_tool_loan_illustrator,xtool_tool_loan_illustrator_rsa,xtool_tool_lump_sum_vs_pension,xtool_mortgage_affordability_gb,xtool_tool_needs_analysis,xtool_tool_profiles,xtool_tool_retirement_funding_nz,xtool_tool_retirement_funding,xtool_tool_retirement_funding_gb,xtool_tool_retirement_funding_asia,xtool_tool_retirement_modelling_rsa,xtool_tool_quick_retirement_rsa,xtool_tool_retirement_planning_rsa,xtool_tool_risk_fna_rsa,xtool_tool_salary_packaging,xtool_tool_savings_nz,xtool_savings_gb,xtool_tool_savings,xtool_tool_savings_rsa,xtool_tool_super_projection,xtool_tool_ttrap,xtool_tool_tax_on_super_lump_sum,xtool_corporate_modelling,xtool_tool_lifestyle_modelling_rsa,xtool_tool_lifestyle_planner_rsa,xtool_setprint,xtools,xtool_ents,xtools+,limit_to_assumption,xtool_mcs,override_assumption,xero_admin,xero_sync,access_xlite,xmerge_from_client_list_or_search_results,x_port_admin,x_port,research_zenith,fundClick_product_access_admin
10,Test Access Level 1462384104.84,,,,,,,,,,,,,,,,,,,,,X,,,,,,,,,,,,,,,,,,,,,,,,,,,,,,,,,,,,,,,,,,,,,,,,,,,,,,,,,,,,,,,,,,,,,,,X,,,,,,,,,,,,,,,,,,,,,,,,,,,,,,,,,,,,,,,,,,,,,,,,,,,,,,,,,,,,,,,,,,,,,,,,,,,,,,,,,,,,,,,,,,,,,,,,,,,,,,,,,,,,,,,,,,,,,,,,,,,,,,,,,,,,,,,,,,,X,,,,,,,,,,,,,,,,,,,,,,,,,,,,,,,,,,,,,,,,,,,,,,,,,,,,,,,,,,,,,,,,,,,,,,,,,,,,,,,,,,,,,,,,,,,,,,,,,,,,,,,,,,,,,,,,,,,,,,,,,,,,,,,,,,,,,,,,,,,,,,,,,,,,,,,,,,,,,,,,,,,,,,,,,,,,,,,,,,,,,,,,,,,,,,,,,,,,,,,,,,,,,,,,,,,,,,,,,,,,,,,,,,,,,,,,,,,,,,,,,,,,,,,,,,,,,,,,,,,,,,,,,,,,,,,,,,,,,,,,,,,,,,,,,,,,,,,,,,,
1,Adviser,,X,,,,,,,,,,X,,,,,,,,,X,,,,X,X,,X,,X,,,,,,,,,,,,,,,,,X,,,,X,,,,,,,,,,,,,,,,,,,,,,,,,,,,,,,X,,,,,X,X,,,,X,,,,,,,,,,,,,,,,,X,,,,,,,,,,X,,,,,X,,,,,,,,,,,,,,,,,X,,,,,,,,X,,,,,,,,,,,,,,,,,,,,,,,,,,,,,,,X,,,,,,,X,,,,,,,,,,,,,,,,,,,,,,,,,,,,,,,,,X,,,,,,,X,,,,X,X,X,,,,,,,,,,,,,,,,,,,,,,,,,,,,,,,,,,,X,,,,,,,,,,,,,,,,,,,,,,,,,,,X,,,,,,,,,,,,,,,,,,,,,,,,,,,,,,,,,,,,,,,X,,,,,,X,,,,,,,,,,,,,,,,,,,,,,,,,,,,,,,,,,,,,,,,,X,,,,,,,,,X,,X,,,,,,,,,,,,,,,,,,,X,X,,,,,,,,,,,,,,,,,,,,,,,,,,,,,,,,,,,,,,,,,,,,,,,,,,,,,,,,,,,,,,,,,,,,,,,,,,,,,,,,,,,,,,,,,,,,,,,,,,,,,,,,,,,,,,,,,,X,,,,
3,Personal Assistant,,X,,,,,,,,,,,,,,,,,,,X,,,,,X,,X,,X,,,,,,,,,,,,,,,,,X,,,,X,,,,,,,,,,,,,,,,,,,,,,,,,,,,,,,,,,,,X,X,,,,X,,,,,,,,,,,,,,,,,X,,,,,,,,,,X,,,,,X,,,,,,,,,,,,,,,,,,,,,,,,,X,,,,,,,,,,,,,,,,,,,,,,,,,,,,,,,X,,,,,,,X,,,,,,,,,,,,,,,,,,,,,,,,,,,,,,,,,X,,,,,,,X,,,,X,X,,,,,,,,,,,,,,,,,,,,,,,,,,,,,,,,,,,,,,,,,,,,,,,,,,,,,,,,,,,,,,,X,,,,,,,,,,,,,,,,,,,,,,,,,,,,,,,,,,,,,,,X,,,,,,X,,,,,,,,,,,,,,,,,,,,,,,,,,,,,,,,,,,,,,,,,X,,,,,,,,,,,,,,,,,,,,,,,,,,,,,,X,X,,,,,,,,,,,,,,,,,,,,,,,,,,,,,,,,,,,,,,,,,,,,,,,,,,,,,,,,,,,,,,,,,,,,,,,,,,,,,,,,,,,,,,,,,,,,,,,,,,,,,,,,,,,,,,,,,,X,,,,
2,Paraplanner,,X,,,,,,,,,,X,,,,,,,,,X,,,,X,X,,X,,X,,,,,,,,,,,,,,,,,X,,,,X,,,,,,,,,,,,,,,,,,,,,,,,,,,,,,,X,,,,,X,X,,,,X,,,,,,,,,,,,,,,,,X,,,,,,,,,,X,,,,,X,,,,,,,,,,,,,,,,,X,,,,,,,,X,,,,,,,,,,,,,,,,,,,,,,,,,,,,,,,X,,,,,,,X,,,,,,,,,,,,,,,,,,,,,,,,,,,,,,,,,X,,,,,,,X,,,,X,X,,,,,,,,,,,,,,,,,,,,,,,,,,,,,,,,,,,,,,,,,,,,,,,,,,,,,,,,,,,,,,,X,,,,,,,,,,,,,,,,,,,,,,,,,,,,,,,,,,,,,,,X,,,,,,X,,,,,,,,,,,,,,,,,,,,,,,,,,,,,,,,,,,,,,,,,X,,,,,,,,,,,,,,,,,,,,,,,,,,,,,,X,X,,,,,,,,,,,,,,,,,,,,,,,,,,,,,,,,,,,,,,,,,,,,,,,,,,,,,,,,,,,,,,,,,,,,,,,,,,,,,,,,,,,,,,,,,,,,,,,,,,,,,,,,,,,,,,,,,,X,,,,
5,Receptionist,,,,,,,,,,,,,,,,,,,,,,,,,,,,,,,,,,,,,,,,,,,,,,,,,,,,,,,,,,,,,,,,,,,,,,,,,,,,,,,,,,,,,,,,,,,,,,,,,,,,,,,,,,,,,,,,,,,,,,,,,,,,,,,,,,,,,,,,,,,,,,,,,,,,,,,,,,,,,,,,,,,,,,,,,,,,,,,,,,,,,,,,,,,,,,,,,,,,,,,,,,,,,,,,,,,,,,,,,,,,,,,,,,,,,,,,,,,,,,,,,,,,,,,,,,,,,,,,,,,,,,,,,,,,,,,,,,,,,,,,,,,,,,,,,,,,,,,,,,,,,,,,,,,,,,,,,,,,,,,,,,,,,,,,,,,,,,,,,,,,,,,,,,,,,,,,,,,,,,,,,,,,,,,,,,,,,,,,,,,,,,,,,,,,,,,,,,,,,,,,,,,,,,,,,,,,,,,,,,,,,,,,,,,,,,,,,,,,,,,,,,,,,,,,,,,,,,,,,,,,,,,,,,,,,,,,,,,,,,,,,,,,,,,,,,,,,,,,,,,,,,,,,,,,,,,,,,,,,,,,,,,,,,,,,,
4,Office Manager,,X,,,,,,,,,,,,,,,,,,,X,,,,,X,,X,,X,,,,,,,,,,,,,,,,,X,,,,X,,,,,,,,,,,,,,,,,,,,,,,,,,,,,,,,,,,,X,X,,,,X,,,,,,,,,,,,,,,,,,,,,,,,,,,X,,,,,X,,,,,,,,,,,,,,,,,,,,,,,,,X,,,,,,,,,,,,,,,,,,,,,,,,,,,,,,,X,,,,,,,X,,,,,,,,,,,,,,,,,,,,,,,,,,,,,,,,,X,,,,,,,X,,,,X,X,,,,,,,,,,,,,,,,,,,,,,,,,,,,,,,,,,,,,,,,,,,,,,,,,,,,,,,,,,,,,,,X,,,,,,,,,,,,,,,,,,,,,,,,,,,,,,,,,,,,,,,X,,,,,,X,,,,,,,,,,,,,,,,,,,,,,,,,,,,,,,,,,,,,,,,,X,,,,,,,,,,,,,,,,,,,,,,,,,,,,,,X,X,,,,,,,,,,,,,,,,,,,,,,,,,,,,,,,,,,,,,,,,,,,,,,,,,,,,,,,,,,,,,,,,,,,,,,,,,,,,,,,,,,,,,,,,,,,,,,,,,,,,,,,,,,,,,,,,,,X,,,,
7,Test Access Level,,X,,,,,,,,,,,,,,,,,,,,,,,,,,,,,,,,,,,,,,,,,,,,,,,,,,,,,,,,,,,,,,,,,,,,,,,,,,,,,,,,,,,,,,,,,,X,,,,,,,,,,,,,,,,,,,,,,,,,,,,,,,,,,,,,,,,,,,,,,,,,,,,,,,,,,,,,,,,,,,,,,,,,,,,,,,,,,,,,,,,,,,,,,,,,,,,,,,,,,,,,,,,,,,,,,,,,,,,,,,,,,,,,,,,,,,,,,,,,,,,,,,,,,,,,,,,,,,,,,,,,,,,,,,,,,,,,,,,,,,,,,,,,,,,,,,,,,,,,,,,,,,,,,,,,,,,,,,,,,,,,,,,,,,,,,,,,,,,,,,,,,,,,,,,,,,,,,,,,,,,,,,,,,,,,,,,,,,,,,,,,,,,,,,,,,,,,,,,,,,,,,,,,,,,,,,,,,,,,,,,,,,,,,,,,,,,,,,,,,,,,,,,,,,,,,,,,,,,,,,,,,,,,,,,,,,,,,,,,,,,,,,,,,,,,,,,,,,,,,,,,,,,,,,,,,,,,,,,,,,,,,,,,,,,,,
6,System Administrator,,X,,,,,,,,,,,,,,,,,,,X,,,,X,X,,X,,X,,,,,,,,,,,,,,,,,X,,,,X,,,,,,,,,,,,,,,,,,,,,,,,,,,,,,,,,X,,,X,X,X,,,,,,,,,,,,,,,,,,,,,,,,,,,,X,,X,,,,,X,,,,,,,,,,,,,,,,,,,,,,,,,X,,,,,X,,,,,,,,,,,,,,,,,,,,,,,,,,X,,X,,,,,X,,X,,,,,,,,,X,,,,,,,,,,,,,,,,,,,,,,X,,,,,,,X,,,,X,X,,,,,,,,,,,,,,,,,,,,,,,,,,,,,,,,,,,,,,,,,,,,,,,,,,,,,,,,,,,,,,,X,,,,,,,,,,,,,,,,,,,,,,,,,,,,,,,,,,,,,,,X,,,,,,X,,,,,,,,,,,,,,,,,,,,,,,,,,,,,,,,,,,,,,,,,X,,,,,,,,,,,,,,,X,X,X,,X,X,X,X,,,,,,,X,X,X,,,,,,,,,,,,,,,,,,,,,,,,,,,,,,X,,,,,,,,X,X,X,,X,X,X,X,X,X,X,,,,,,,,,,,,,,,,,,,,,,,,,,,,,,,,,,,,,,,,,,,,,,,,,,,,,,,,,,,,,,,,,,X,,,,
9,Test Access Level,,X,,,,,,,,,,,,,,,,,,,,,,,,,,,,,,,,,,,,,,,,,,,,,,,,,,,,,,,,,,,,,,,,,,,,,,,,,,,,,,,,,,,,,,,,,,X,,,,,,,,,,,,,,,,,,,,,,,,,,,,,,,,,,,,,,,,,,,,,,,,,,,,,,,,,,,,,,,,,,,,,,,,,,,,,,,,,,,,,,,,,,,,,,,,,,,,,,,,,,,,,,,,,,,,,,,,,,,,,,,,,,,,,,,,,,,,,,,,,,,,,,,,,,,,,,,,,,,,,,,,,,,,,,,,,,,,,,,,,,,,,,,,,,,,,,,,,,,,,,,,,,,,,,,,,,,,,,,,,,,,,,,,,,,,,,,,,,,,,,,,,,,,,,,,,,,,,,,,,,,,,,,,,,,,,,,,,,,,,,,,,,,,,,,,,,,,,,,,,,,,,,,,,,,,,,,,,,,,,,,,,,,,,,,,,,,,,,,,,,,,,,,,,,,,,,,,,,,,,,,,,,,,,,,,,,,,,,,,,,,,,,,,,,,,,,,,,,,,,,,,,,,,,,,,,,,,,,,,,,,,,,,,,,,,,,
8,Test Access Level,,X,,,,,,,,,,,,,,,,,,,,,,,,,,,,,,,,,,,,,,,,,,,,,,,,,,,,,,,,,,,,,,,,,,,,,,,,,,,,,,,,,,,,,,,,,,X,,,,,,,,,,,,,,,,,,,,,,,,,,,,,,,,,,,,,,,,,,,,,,,,,,,,,,,,,,,,,,,,,,,,,,,,,,,,,,,,,,,,,,,,,,,,,,,,,,,,,,,,,,,,,,,,,,,,,,,,,,,,,,,,,,,,,,,,,,,,,,,,,,,,,,,,,,,,,,,,,,,,,,,,,,,,,,,,,,,,,,,,,,,,,,,,,,,,,,,,,,,,,,,,,,,,,,,,,,,,,,,,,,,,,,,,,,,,,,,,,,,,,,,,,,,,,,,,,,,,,,,,,,,,,,,,,,,,,,,,,,,,,,,,,,,,,,,,,,,,,,,,,,,,,,,,,,,,,,,,,,,,,,,,,,,,,,,,,,,,,,,,,,,,,,,,,,,,,,,,,,,,,,,,,,,,,,,,,,,,,,,,,,,,,,,,,,,,,,,,,,,,,,,,,,,,,,,,,,,,,,,,,,,,,,,,,,,,,,
